pos,signal,snr,fspl,label
1,-103,-13,-85.48644533,1
2,-109,-4.199999809,-75.13236377,1
3,-113,-5,-75.13236377,1
4,-105,3.799999952,-75.13236377,1
5,-113,-14.5,-85.27907234,1
6,-108,-2.799999952,-75.13236377,1
7,-115,-16.79999924,-81.31043895,1
8,-117,-4.800000191,-109.9096164,1
9,-119,-10.19999981,-109.9096164,1
10,-117,-9.5,-109.9096164,1
11,-115,-11.19999981,-90.16357484,1
12,-117,-12,-90.16357484,1
13,-115,-16.20000076,-90.16357484,1
14,-90,6.5,-83.4038217,1
15,-91,9.199999809,-83.4038217,1
16,-89,9,-83.4038217,1
17,-88,9,-83.4038217,1
18,-91,7,-83.4038217,1
19,-90,9.5,-83.4038217,1
20,-117,-10.5,-109.9096164,1
21,-104,-9.5,-111.4053228,1
22,-119,-12,-113.1211054,1
23,-117,-11.5,-113.1211054,1
24,-117,-13.80000019,-109.9096164,1
25,-117,-15.19999981,-104.4931654,1
26,-114,-15.80000019,-92.41200221,1
27,-117,-11.80000019,-113.1211054,1
28,-115,-14.19999981,-113.1211054,1
29,-114,-16.20000076,-104.4931654,1
30,-114,-14.5,-95.85878452,1
31,-119,-11.5,-109.9096164,1
32,-119,-13.80000019,-110.4141851,1
33,-116,-11.5,-113.1211054,1
34,-118,-16.20000076,-115.5768845,1
35,-102,-3.200000048,-111.4053228,1
36,-115,-10.5,-113.1211054,1
37,-115,-12,-109.9096164,1
38,-117,-10.80000019,-95.85878452,1
39,-115,-13.19999981,-113.1211054,1
40,-117,-13,-109.9096164,1
41,-115,-13.19999981,-90.43273481,1
42,-119,-8.199999809,-109.9096164,1
43,-114,-13.19999981,-113.1211054,1
44,-117,-9,-90.43273481,1
45,-104,-12,-111.4053228,1
46,-117,-6.5,-95.85878452,1
47,-117,-10.19999981,-113.1211054,1
48,-117,-10,-109.9096164,1
49,-114,-14,-109.9096164,1
50,-115,-13.5,-113.1211054,1
51,-117,-13.80000019,-110.4141851,1
52,-117,-14.19999981,-109.9096164,1
53,-105,-11.80000019,-111.4053228,1
54,-105,-11.19999981,-111.4053228,1
55,-105,-14.19999981,-110.4048146,1
56,-114,-12,-113.1211054,1
57,-114,-14.80000019,-109.9096164,1
58,-105,-6.5,-111.4053228,1
59,-117,-11.5,-90.43273481,1
60,-115,-9.5,-95.85878452,1
61,-114,-14,-113.1211054,1
62,-117,-12,-113.1211054,1
63,-117,-9.199999809,-109.9096164,1
64,-119,-17,-115.5768845,1
65,-98,-16.20000076,-111.4053228,1
66,-118,-10.5,-109.9096164,1
67,-105,-5.800000191,-87.44669796,1
68,-104,-3.200000048,-87.44669796,1
69,-103,-0.200000003,-87.44669796,1
70,-102,-0.8000000119,-87.44669796,1
71,-101,0.200000003,-87.44669796,1
72,-103,-0.200000003,-87.44669796,1
73,-99,-6.199999809,-98.66397282,1
74,-104,-4.800000191,-87.44669796,1
75,-117,-16,-94.84112114,1
76,-117,-16,-94.84112114,1
77,-121,-5.5,-95.85878452,1
78,-113,-0.200000003,-88.46835408,1
79,-111,1.799999952,-88.569441,1
80,-115,-9.199999809,-90.81813753,1
81,-103,-6.800000191,-90.44779628,1
82,-114,-7.199999809,-88.569441,1
83,-115,-6.199999809,-90.81813753,1
84,-105,-12.19999981,-90.44779628,1
85,-112,-2,-90.81813753,1
86,-117,-6.5,-88.569441,1
87,-117,0,-88.46835408,1
88,-101,-0.8000000119,-90.44779628,1
89,-112,-6.199999809,-90.81813753,1
90,-115,-10.19999981,-88.569441,1
91,-121,-13.19999981,-101.9633491,1
92,-114,-7.5,-88.46835408,1
93,-104,-9.5,-90.44779628,1
94,-118,-15.5,-88.569441,1
95,-115,-8.5,-90.81813753,1
96,-103,-3.5,-90.44779628,1
97,-103,-7,-95.73610861,1
98,-100,-14.80000019,-100.7558686,1
99,-105,-11.80000019,-90.44779628,1
100,-117,-6.5,-88.46835408,1
101,-117,-4,-90.81813753,1
102,-117,-4.800000191,-88.569441,1
103,-104,-11.19999981,-95.73610861,1
104,-115,0.200000003,-90.81813753,1
105,-118,-5.199999809,-88.46835408,1
106,-114,-11,-90.81813753,1
107,-102,-8,-95.73610861,1
108,-101,-15.80000019,-100.7558686,1
109,-105,-16.79999924,-80.1708701,1
110,-102,-8.5,-95.73610861,1
111,-103,-5.5,-90.44779628,1
112,-118,-11.80000019,-88.46835408,1
113,-106,-18,-80.1708701,1
114,-104,-4.5,-90.44779628,1
115,-101,-15.19999981,-100.7558686,1
116,-115,-6.199999809,-88.569441,1
117,-120,-9.800000191,-88.46835408,1
118,-104,-9.5,-90.44779628,1
119,-115,-5.800000191,-90.81813753,1
120,-106,-14,-95.73610861,1
121,-100,-9,-90.44779628,1
122,-103,-5.5,-90.44779628,1
123,-117,-15,-94.84112114,1
124,-111,-15,-90.16357484,1
125,-121,-12.19999981,-90.43273481,1
126,-120,-4.800000191,-90.43273481,1
127,-99,-16.79999924,-92.69635317,1
128,-100,-12.5,-92.69635317,1
129,-120,-10,-90.11417078,1
130,-114,-12.19999981,-89.05847565,1
131,-119,0,-112.2548511,1
132,-59,12,-82.36131993,1
133,-117,-1.200000048,-104.5507969,1
134,-117,-1.200000048,-105.2554702,1
135,-115,-2.200000048,-106.5213471,1
136,-84,6.5,-80.65652235,1
137,-101,5.5,-105.0388672,1
138,-108,9.5,-82.19581596,1
139,-56,13.80000019,-82.36131993,1
140,-79,12.19999981,-68.36162581,1
141,-99,-10.5,-86.26495613,1
142,-102,-14.5,-86.96674688,1
143,-121,-15.5,-100.8400771,1
144,-102,-9.5,-86.10512165,1
145,-113,-10.19999981,-100.9373145,1
146,-114,-7,-100.9373145,1
147,-120,-14.19999981,-85.10924102,1
148,-104,-6,-86.29656011,1
149,-121,-7.5,-100.8400771,1
150,-102,-5.800000191,-86.96674688,1
151,-121,-11.80000019,-100.8400771,1
152,-115,-6.800000191,-81.50455486,1
153,-119,-11.5,-91.2362698,1
154,-102,-15,-88.88030768,1
155,-113,-11.5,-100.9373145,1
156,-105,-7,-86.29656011,1
157,-103,-3.5,-85.98672181,1
158,-101,-14.80000019,-86.10512165,1
159,-74,12.19999981,-56.80241794,1
160,-102,-11,-86.96674688,1
161,-97,-12.19999981,-100.7474106,1
162,-123,-10.5,-98.45881597,1
163,-51,13,-102.5546754,1
164,-51,14.5,-102.5546754,1
165,-105,-15.5,-86.06953317,1
166,-51,10.80000019,-102.5546754,1
167,-123,-9.800000191,-98.45881597,1
168,-97,-11.19999981,-100.7474106,1
169,-52,9.199999809,-102.5546754,1
170,-123,-8.199999809,-98.45881597,1
171,-52,15,-102.5546754,1
172,-106,-12.80000019,-86.06953317,1
173,-51,13.19999981,-102.5546754,1
174,-121,-8.199999809,-98.45881597,1
175,-52,14.5,-102.5546754,1
176,-51,13.80000019,-102.5546754,1
177,-107,-12.19999981,-86.06953317,1
178,-52,12.5,-102.5546754,1
179,-51,13,-102.5546754,1
180,-121,-5.800000191,-98.45881597,1
181,-51,13.80000019,-102.5546754,1
182,-52,11.5,-102.5546754,1
183,-52,15,-102.5546754,1
184,-51,14,-102.5546754,1
185,-99,-9.199999809,-100.7474106,1
186,-119,-6.5,-98.45881597,1
187,-51,11.80000019,-102.5546754,1
188,-99,-7,-100.7474106,1
189,-52,13.5,-102.5546754,1
190,-52,15.19999981,-102.5546754,1
191,-51,13.5,-102.5546754,1
192,-96,-15.5,-100.7474106,1
193,-51,14.5,-102.5546754,1
194,-51,14.5,-102.5546754,1
195,-51,14,-102.5546754,1
196,-76,14.5,-91.38962752,1
197,-18,10.80000019,-97.65237053,1
198,-18,10.5,0,0
199,-23,14.19999981,-97.65237053,1
200,-95,-3,0,0
201,-91,12.19999981,-91.38962752,1
202,-23,13.19999981,-97.65237053,1
203,-87,12.19999981,-91.38962752,1
204,-31,13.80000019,0,0
205,-91,15.5,-91.38962752,1
206,-19,11.19999981,-97.65237053,1
207,-72,-13.19999981,0,0
208,-16,12.5,-97.65237053,1
209,-22,13,0,0
210,-84,13.5,-91.38962752,1
211,-66,-12.5,-97.65237053,1
212,-84,13,-91.38962752,1
213,-31,14.80000019,0,0
214,-77,14,-91.38962752,1
215,-13,10.80000019,-97.65237053,1
216,-23,10.5,0,0
217,-78,11.5,-91.38962752,1
218,-83,-16.20000076,-97.65237053,1
219,-17,11.19999981,0,0
220,-102,-14.19999981,-105.7945599,1
221,-81,9.5,-83.11070919,1
222,-106,-15.80000019,-100.0230238,1
223,-103,-15.80000019,-99.57699444,1
224,-107,3.5,-112.2884294,1
225,-103,-9.5,-101.3586187,1
226,-118,-15.80000019,-96.96596808,1
227,-80,10,-81.59079771,1
228,-108,4,-112.2884294,1
229,-106,-1.5,-106.9184023,1
230,-113,0.5,-112.2884294,1
231,-107,10.80000019,-79.98820345,1
232,-85,9.199999809,-81.59079771,1
233,-79,9.199999809,-83.11070919,1
234,-92,-2,-115.8896429,1
235,-103,-9.800000191,-103.6813415,1
236,-64,8,-87.14326499,1
237,-58,9,-68.152824,1
238,-107,-2.5,-106.9184023,1
239,-121,-11.80000019,-104.4757539,1
240,-95,-12.5,-110.713529,1
241,-84,6.199999809,-87.29518495,1
242,-106,-2.5,-106.9184023,1
243,-104,4.800000191,-112.2884294,1
244,-78,8.5,-81.59079771,1
245,-108,5.5,-112.2884294,1
246,-104,-12.5,-99.57699444,1
247,-123,-10,-114.8410086,1
248,-109,-10.5,-114.6115443,1
249,-73,8.199999809,-106.2482876,1
250,-109,-11.80000019,-104.7684558,1
251,-110,-3,-115.5470167,1
252,-115,-13.19999981,-104.8150695,1
253,-107,-7.199999809,-106.9184023,1
254,-91,3,-115.8896429,1
255,-104,-11.80000019,-100.0230238,1
256,-90,8.800000191,-81.08303684,1
257,-107,-3.200000048,-106.9184023,1
258,-108,-15,-104.7684558,1
259,-72,7.199999809,-91.85805559,1
260,-105,-15,-94.54716277,1
261,-106,5.800000191,-112.2884294,1
262,-88,-2.5,-114.454105,1
263,-108,6.199999809,-115.1640003,1
264,-119,-3.5,-96.96596808,1
265,-106,-14.5,-97.08308672,1
266,-119,-9.5,-105.9922137,1
267,-87,7.800000191,-81.59079771,1
268,-102,2.799999952,-106.9639922,1
269,-111,6.800000191,-106.9639922,1
270,-106,-15,-97.84364944,1
271,-119,-12.5,-96.96596808,1
272,-80,10,-83.11070919,1
273,-92,7.199999809,-87.79949141,1
274,-81,9,-83.11070919,1
275,-98,-17.20000076,-100.8349273,1
276,-84,9.800000191,-81.59079771,1
277,-102,-9.5,-101.3586187,1
278,-101,9.5,-115.1640003,1
279,-92,-14.5,-95.73304949,1
280,-101,0.5,-106.9184023,1
281,-123,-8.199999809,-104.0038355,1
282,-109,-9.5,-104.7684558,1
283,-115,-6.199999809,-101.0519123,1
284,-97,12,-84.75507686,1
285,-81,10.19999981,-84.97811207,1
286,-123,-5.199999809,-87.26132682,1
287,-123,-4,-87.26132682,1
288,-90,14,-84.75507686,1
289,-75,10.80000019,-84.97811207,1
290,-75,11,-84.97811207,1
291,-89,11.19999981,-84.75507686,1
292,-125,-4,-87.26132682,1
293,-109,8.199999809,-83.488743,1
294,-69,8.5,-84.97811207,1
295,-89,11.80000019,-84.75507686,1
296,-108,7.199999809,-83.488743,1
297,-71,9.199999809,-84.97811207,1
298,-93,13.19999981,-84.75507686,1
299,-91,9,-84.75507686,1
300,-123,-3,-87.26132682,1
301,-113,8.199999809,-83.488743,1
302,-90,10.80000019,-84.75507686,1
303,-73,10,-84.97811207,1
304,-109,8.800000191,-83.488743,1
305,-121,-2,-87.26132682,1
306,-93,13,-84.75507686,1
307,-97,13.5,-84.75507686,1
308,-125,-2,-87.26132682,1
309,-85,11,-84.97811207,1
310,-103,10,-84.75507686,1
311,-126,-1,-87.26132682,1
312,-117,8,-83.488743,1
313,-125,-2,-87.26132682,1
314,-91,8.800000191,-84.75507686,1
315,-113,7.5,-83.488743,1
316,-71,7.800000191,-84.97811207,1
317,-124,-4,-87.26132682,1
318,-81,9.800000191,-84.97811207,1
319,-119,7.800000191,-83.488743,1
320,-95,13.5,-84.75507686,1
321,-75,10,-84.97811207,1
322,-125,-4.800000191,-87.26132682,1
323,-89,11.5,-84.75507686,1
324,-73,10.19999981,-84.97811207,1
325,-114,7.199999809,-83.488743,1
326,-124,-5.5,-87.26132682,1
327,-93,14,-84.75507686,1
328,-69,10,-84.97811207,1
329,-90,12.5,-84.75507686,1
330,-110,7.800000191,-83.488743,1
331,-91,11.5,-84.75507686,1
332,-124,-6.199999809,-87.26132682,1
333,-113,7.199999809,-83.488743,1
334,-124,-3.200000048,-87.26132682,1
335,-90,9.800000191,-84.75507686,1
336,-125,-5.199999809,-87.26132682,1
337,-109,8.800000191,-83.488743,1
338,-71,10.5,-84.97811207,1
339,-97,12,-84.75507686,1
340,-122,-3.200000048,-87.26132682,1
341,-113,8.5,-83.488743,1
342,-72,8.5,-84.97811207,1
343,-89,9.5,-84.75507686,1
344,-71,9,-84.97811207,1
345,-111,7,-83.488743,1
346,-124,-3.799999952,-87.26132682,1
347,-72,9.800000191,-84.97811207,1
348,-123,-3.5,-87.26132682,1
349,-89,10,-84.75507686,1
350,-124,-4.5,-87.26132682,1
351,-90,8.199999809,-84.75507686,1
352,-124,-3.799999952,-87.26132682,1
353,-111,6.5,-83.488743,1
354,-71,10.19999981,-84.97811207,1
355,-105,7,-83.488743,1
356,-89,13.5,-84.75507686,1
357,-93,13,-84.75507686,1
358,-121,-2.200000048,-87.26132682,1
359,-114,5.199999809,-83.488743,1
360,-121,-0.5,-87.26132682,1
361,-90,11.80000019,-84.75507686,1
362,-114,6.800000191,-83.488743,1
363,-112,7,-83.488743,1
364,-90,10,-84.75507686,1
365,-123,-3.5,-87.26132682,1
366,-110,7.5,-83.488743,1
367,-123,-1.799999952,-87.26132682,1
368,-69,8.199999809,-84.97811207,1
369,-72,9.5,-84.97811207,1
370,-124,-2.5,-87.26132682,1
371,-112,7.800000191,-83.488743,1
372,-114,7.199999809,-83.488743,1
373,-96,10.19999981,-84.75507686,1
374,-78,10.19999981,-84.97811207,1
375,-95,9.800000191,-84.75507686,1
376,-123,-3.799999952,-87.26132682,1
377,-72,10.5,-84.97811207,1
378,-101,7.5,-84.75507686,1
379,-113,5.800000191,-83.488743,1
380,-121,-3.200000048,-87.26132682,1
381,-87,9,-84.75507686,1
382,-114,7.800000191,-83.488743,1
383,-124,-3.799999952,-87.26132682,1
384,-126,-1.5,-87.26132682,1
385,-101,12,-84.75507686,1
386,-119,7.5,-83.488743,1
387,-104,-2.200000048,-88.24733526,1
388,-103,-12.5,-85.05722912,1
389,-103,-0.200000003,-99.57666016,1
390,-93,3.200000048,-86.24661348,1
391,-105,-5.800000191,-88.24733526,1
392,-95,4,-86.24661348,1
393,-105,-7.800000191,-88.24733526,1
394,-101,-7.800000191,-88.24733526,1
395,-94,3,-86.24661348,1
396,-94,2.5,-86.24661348,1
397,-104,-4.5,-99.57666016,1
398,-91,5.199999809,-86.24661348,1
399,-104,-13.80000019,-85.05722912,1
400,-104,-5.199999809,-88.24733526,1
401,-46,14,-85.54338954,1
402,-121,-7.800000191,-108.3840116,1
403,-103,-4,-109.4187788,1
404,-45,15,-85.54338954,1
405,-125,-13.19999981,-101.6171155,1
406,-103,-5,-109.4187788,1
407,-120,-15.5,-105.6736145,1
408,-101,-2.799999952,-109.4187788,1
409,-123,-6.199999809,-108.3840116,1
410,-121,-12.19999981,-101.6171155,1
411,-104,-14.80000019,-110.6298711,1
412,-119,-15.5,-105.6736145,1
413,-45,15,-85.54338954,1
414,-102,-9.800000191,-109.4187788,1
415,-121,-12.19999981,-108.3840116,1
416,-120,-16,-105.6736145,1
417,-123,-11.19999981,-101.6171155,1
418,-123,-14.19999981,-101.6171155,1
419,-121,-14,-101.6171155,1
420,-104,-15.80000019,-110.6298711,1
421,-121,-12.80000019,-101.6171155,1
422,-123,-15.5,-101.6171155,1
423,-48,10.80000019,-85.54338954,1
424,-121,-9.199999809,-103.3821079,1
425,-123,-12.5,-108.3840116,1
426,-98,-13,-134.1777895,1
427,-111,-10.80000019,-101.6171155,1
428,-45,15,-85.54338954,1
429,-118,-10.19999981,-105.6736145,1
430,-99,-15.5,-134.1777895,1
431,-104,-6.5,-109.4187788,1
432,-46,9.5,-85.54338954,1
433,-120,-14.5,-105.6736145,1
434,-103,-7.199999809,-109.4187788,1
435,-121,-9.800000191,-108.3840116,1
436,-44,14.19999981,-85.54338954,1
437,-123,-9,-103.3821079,1
438,-120,-12,-105.6736145,1
439,-123,-11,-108.3840116,1
440,-103,-7.5,-109.4187788,1
441,-123,-9.5,-108.3840116,1
442,-119,-17,-105.6736145,1
443,-46,15.5,-85.54338954,1
444,-103,-1.5,-109.4187788,1
445,-102,-10.80000019,-102.0918051,1
446,-105,-5.800000191,-99.97765064,1
447,-114,-0.8000000119,-103.8772242,1
448,-111,5.800000191,-103.8772242,1
449,-120,-6.5,-101.7656269,1
450,-115,-13,-103.5637284,1
451,-103,-10,-99.97765064,1
452,-102,-8.800000191,-102.0918051,1
453,-117,2.5,-103.8772242,1
454,-104,-13.80000019,-102.0918051,1
455,-121,-5.5,-101.7656269,1
456,-102,-9.199999809,-99.97765064,1
457,-117,-8.800000191,-102.0918051,1
458,-106,-7.199999809,-99.97765064,1
459,-120,-5,-101.7656269,1
460,-118,-11.80000019,-103.5637284,1
461,-103,-7,-102.0918051,1
462,-117,-10.19999981,-103.1028181,1
463,-119,-11.19999981,-102.0918051,1
464,-105,-7.5,-99.97765064,1
465,-105,-7.5,-99.97765064,1
466,-117,-7.5,-102.0918051,1
467,-111,4.199999809,-103.8772242,1
468,-104,-9.800000191,-102.0918051,1
469,-117,-11,-102.0918051,1
470,-117,0.200000003,-103.8772242,1
471,-105,-7.800000191,-99.97765064,1
472,-115,-14.5,-103.5637284,1
473,-117,3.799999952,-103.8772242,1
474,-120,-14,-101.7656269,1
475,-121,-12,-101.7656269,1
476,-103,-12,-102.0918051,1
477,-105,-7.5,-99.97765064,1
478,-118,-12,-103.8772242,1
479,-114,-10.80000019,-102.0918051,1
480,-103,-7,-102.0918051,1
481,-106,-8.199999809,-99.97765064,1
482,-113,-5.800000191,-103.8772242,1
483,-104,-6.199999809,-102.0918051,1
484,-121,-10.19999981,-101.7656269,1
485,-105,-7.199999809,-99.97765064,1
486,-113,-3.200000048,-103.8772242,1
487,-118,-13.5,-102.0918051,1
488,-105,-7.800000191,-99.97765064,1
489,-114,-6.199999809,-103.8772242,1
490,-120,-8.199999809,-101.7656269,1
491,-102,-10.5,-102.0918051,1
492,-109,6.199999809,-103.8772242,1
493,-102,-6.800000191,-102.0918051,1
494,-117,-9.800000191,-102.0918051,1
495,-103,-10.19999981,-99.97765064,1
496,-111,-9,-97.77328019,1
497,-118,-4.800000191,-101.7656269,1
498,-109,5.199999809,-103.8772242,1
499,-117,-7,-102.0918051,1
500,-102,-7.800000191,-102.0918051,1
501,-103,-11.5,-99.97765064,1
502,-101,-8.800000191,-102.0918051,1
503,-117,-12,-102.0918051,1
504,-105,-8,-97.77328019,1
505,-102,-10,-99.97765064,1
506,-112,-0.200000003,-103.8772242,1
507,-108,-14.19999981,-103.9765492,1
508,-102,-9.5,-102.0918051,1
509,-120,-4,-101.7656269,1
510,-118,-4.800000191,-97.77328019,1
511,-121,-11.5,-101.7656269,1
512,-103,-6.5,-102.0918051,1
513,-115,1,-103.8772242,1
514,-103,-10.5,-99.97765064,1
515,-108,-9.199999809,-97.95068396,1
516,-109,-12,-103.1325217,1
517,-116,-8.5,-101.7656269,1
518,-106,-9.800000191,-99.97765064,1
519,-102,-6.199999809,-102.0918051,1
520,-117,-7.199999809,-102.0918051,1
521,-90,5,-103.8772242,1
522,-109,2.799999952,-103.8772242,1
523,-119,-4.5,-101.7656269,1
524,-104,-9.199999809,-102.0918051,1
525,-119,-11.80000019,-102.0918051,1
526,-105,-7,-99.97765064,1
527,-103,-7,-102.0918051,1
528,-117,-10,-102.0918051,1
529,-109,5.800000191,-103.8772242,1
530,-119,-7,-101.7656269,1
531,-117,-14.5,-103.5637284,1
532,-102,-7.5,-102.0918051,1
533,-103,-12,-99.97765064,1
534,-120,-8,-97.95068396,1
535,-116,-8.5,-102.0918051,1
536,-125,-4,-97.77328019,1
537,-105,-10.80000019,-88.33870188,1
538,-105,-16,-88.33870188,1
539,-106,-16.20000076,-88.33870188,1
540,-104,-7.800000191,-88.33870188,1
541,-104,-11.19999981,-88.33870188,1
542,-103,-14,-88.33870188,1
543,-103,-7.199999809,-88.33870188,1
544,-11,11,-119.5188519,0
545,-5,12.5,-112.7408953,0
546,-17,9.5,-119.5151476,0
547,-7,9.800000191,-119.5188519,0
548,-19,11.19999981,-112.7408953,0
549,-15,11.5,-119.5151476,0
550,-19,12.5,-112.7408953,0
551,-12,12.5,-119.5151476,0
552,5,10.80000019,-119.5188519,0
553,-16,11,-112.7408953,0
554,7,9.800000191,-119.5188519,0
555,-11,10.19999981,-119.5151476,0
556,-61,11.80000019,-82.5552521,0
557,-96,8.800000191,-89.57541606,0
558,-95,12,-84.75507686,0
559,-97,10.19999981,-89.68208698,0
560,-60,13.19999981,-82.5552521,0
561,-59,12.80000019,-82.5552521,0
562,-93,10.19999981,-89.68208698,0
563,-96,8.800000191,-89.57541606,0
564,-89,11.5,-84.75507686,0
565,-61,13,-82.5552521,0
566,-95,10,-89.57541606,0
567,-91,12.5,-84.75507686,0
568,-98,10.5,-89.57541606,0
569,-89,8.5,-84.75507686,0
570,-60,10.5,-82.5552521,0
571,-96,11.80000019,-89.57541606,0
572,-87,11,-84.75507686,0
573,-59,13,-82.5552521,0
574,-91,10.80000019,-89.68208698,0
575,-89,10.80000019,-84.75507686,0
576,-58,11,-82.5552521,0
577,-99,9.800000191,-89.68208698,0
578,-67,12.5,-82.5552521,0
579,-97,9,-84.75507686,0
580,-105,11.19999981,-89.57541606,0
581,-89,12.19999981,-84.75507686,0
582,-58,10.80000019,-82.5552521,0
583,-93,9.5,-89.68208698,0
584,-58,8.199999809,-82.5552521,0
585,-95,8.199999809,-89.57541606,0
586,-93,7.800000191,-89.68208698,0
587,-60,11.19999981,-82.5552521,0
588,-91,11.80000019,-84.75507686,0
589,-96,8,-89.68208698,0
590,-94,8.199999809,-89.57541606,0
591,-93,9.199999809,-84.75507686,0
592,-61,8.800000191,-82.5552521,0
593,-59,13.19999981,-82.5552521,0
594,-96,9.5,-89.57541606,0
595,-107,10,-89.57541606,0
596,-99,11,-89.68208698,0
597,-97,9.5,-84.75507686,0
598,-65,12.80000019,-82.5552521,0
599,-90,10.80000019,-84.75507686,0
600,-59,12,-82.5552521,0
601,-92,10,-89.68208698,0
602,-67,13,-82.5552521,0
603,-95,9.199999809,-89.57541606,0
604,-60,12.80000019,-82.5552521,0
605,-89,12,-84.75507686,0
606,-94,9,-89.57541606,0
607,-63,12.5,-82.5552521,0
608,-92,10,-89.68208698,0
609,-93,10.5,-84.75507686,0
610,-60,10,-82.5552521,0
611,-103,11.80000019,-89.57541606,0
612,-90,11.5,-84.75507686,0
613,-95,9.800000191,-89.57541606,0
614,-60,12.5,-82.5552521,0
615,-60,12,-82.5552521,0
616,-96,9.800000191,-89.57541606,0
617,-58,8.800000191,-82.5552521,0
618,-95,7.800000191,-89.57541606,0
619,-97,10.19999981,-89.68208698,0
620,-63,12.19999981,-82.5552521,0
621,-98,10.80000019,-89.57541606,0
622,-95,9.5,-89.57541606,0
623,-58,10.80000019,-82.5552521,0
624,-89,12.80000019,-84.75507686,0
625,-63,12.5,-82.5552521,0
626,-102,9.5,-89.57541606,0
627,-89,12.19999981,-84.75507686,0
628,-58,8.5,-82.5552521,0
629,-89,8,-84.75507686,0
630,-95,7.800000191,-89.68208698,0
631,-54,9,-82.5552521,0
632,-86,7.5,-84.75507686,0
633,-60,12.80000019,-82.5552521,0
634,-98,12,-89.57541606,0
635,-97,10.19999981,-89.68208698,0
636,-91,12,-84.75507686,0
637,-59,9.5,-82.5552521,0
638,-92,11.80000019,-84.75507686,0
639,-94,9.5,-89.68208698,0
640,-98,11.80000019,-89.57541606,0
641,-60,13,-82.5552521,0
642,-99,10.19999981,-89.57541606,0
643,-91,9.5,-84.75507686,0
644,-97,12,-89.57541606,0
645,-96,10.19999981,-89.68208698,0
646,-60,12.19999981,-82.5552521,0
647,-94,8,-89.68208698,0
648,-96,7.800000191,-89.57541606,0
649,-61,9,-82.5552521,0
650,-95,8.800000191,-89.68208698,0
651,-59,12.5,-82.5552521,0
652,-61,11.19999981,-82.5552521,0
653,-93,9.5,-84.75507686,0
654,-97,9,-89.57541606,0
655,-95,8.800000191,-89.57541606,0
656,-89,9.5,-84.75507686,0
657,-59,11.5,-82.5552521,0
658,-95,13.5,-89.68208698,0
659,-47,11.80000019,-87.79852001,0
660,-72,10.5,-84.49557027,0
661,-111,6.5,-83.488743,0
662,-71,8.5,-84.49557027,0
663,-45,8.199999809,-87.79852001,0
664,-112,8.800000191,-83.488743,0
665,-46,12.5,-87.79852001,0
666,-72,12.5,-84.49557027,0
667,-77,12.19999981,-84.49557027,0
668,-96,9.800000191,-89.68208698,0
669,-48,11.80000019,-87.79852001,0
670,-114,8.800000191,-83.488743,0
671,-72,12.80000019,-84.49557027,0
672,-45,12,-87.79852001,0
673,-91,10,-89.68208698,0
674,-73,12.5,-84.49557027,0
675,-45,11.5,-87.79852001,0
676,-91,9.800000191,-89.68208698,0
677,-111,7,-83.488743,0
678,-45,11,-87.79852001,0
679,-71,12,-84.49557027,0
680,-91,8.800000191,-89.68208698,0
681,-73,11.5,-84.49557027,0
682,-47,12,-87.79852001,0
683,-46,11.5,-87.79852001,0
684,-69,10.19999981,-84.49557027,0
685,-45,12.19999981,-87.79852001,0
686,-73,10,-84.49557027,0
687,-113,8.800000191,-83.488743,0
688,-89,11.80000019,-89.68208698,0
689,-72,11.5,-84.49557027,0
690,-46,13,-87.79852001,0
691,-112,7,-83.488743,0
692,-95,10.5,-89.68208698,0
693,-107,-10.80000019,-87.79852001,0
694,-79,10,-84.49557027,0
695,-101,7.800000191,-89.68208698,0
696,-75,7.800000191,-84.49557027,0
697,-51,8.199999809,-87.79852001,0
698,-112,6.199999809,-83.488743,0
699,-79,11.5,-84.49557027,0
700,-51,12,-87.79852001,0
701,-115,6.800000191,-83.488743,0
702,-79,10.5,-84.49557027,0
703,-53,12.19999981,-87.79852001,0
704,-73,11.80000019,-84.49557027,0
705,-47,11,-87.79852001,0
706,-93,9.5,-89.68208698,0
707,-97,9,-89.68208698,0
708,-79,13.80000019,-84.49557027,0
709,-48,12.5,-87.79852001,0
710,-114,8,-83.488743,0
711,-112,6.199999809,-83.488743,0
712,-45,9,-87.79852001,0
713,-71,8.5,-84.49557027,0
714,-109,7.800000191,-83.488743,0
715,-48,9.5,-87.79852001,0
716,-103,7,-89.68208698,0
717,-77,9,-84.49557027,0
718,-73,11,-84.49557027,0
719,-90,10,-89.68208698,0
720,-111,7.5,-83.488743,0
721,-45,11.5,-87.79852001,0
722,-89,10.5,-89.68208698,0
723,-45,11,-87.79852001,0
724,-72,10,-84.49557027,0
725,-53,8.800000191,-87.79852001,0
726,-77,7.199999809,-84.49557027,0
727,-45,11.5,-87.79852001,0
728,-110,8,-83.488743,0
729,-71,10.80000019,-84.49557027,0
730,-46,12,-87.79852001,0
731,-71,11,-84.49557027,0
732,-91,8.800000191,-89.68208698,0
733,-43,8.800000191,-87.79852001,0
734,-90,12.80000019,-89.68208698,0
735,-73,9,-84.49557027,0
736,-55,9.800000191,-87.79852001,0
737,-85,10,-84.49557027,0
738,-97,11,-89.68208698,0
739,-113,6.199999809,-83.488743,0
740,-42,9.5,-87.79852001,0
741,-72,9.800000191,-84.49557027,0
742,-48,11.19999981,-87.79852001,0
743,-73,11.5,-84.49557027,0
744,-116,5.800000191,-83.488743,0
745,-113,5.800000191,-83.488743,0
746,-43,9.800000191,-87.79852001,0
747,-73,11,-84.49557027,0
748,-42,10,-87.79852001,0
749,-94,11.19999981,-89.68208698,0
750,-72,13.19999981,-84.49557027,0
751,-113,5.5,-83.488743,0
752,-71,11.19999981,-84.49557027,0
753,-113,6,-83.488743,0
754,-42,10.19999981,-87.79852001,0
755,-94,11.19999981,-89.68208698,0
756,-99,11,-89.68208698,0
757,-117,6.5,-83.488743,0
758,-53,10.19999981,-87.79852001,0
759,-79,13,-84.49557027,0
760,-103,11.80000019,-89.68208698,0
761,-53,9.5,-87.79852001,0
762,-85,8.800000191,-84.49557027,0
763,-42,10.19999981,-87.79852001,0
764,-93,10.19999981,-89.68208698,0
765,-41,9.5,-87.79852001,0
766,-71,12.80000019,-84.49557027,0
767,-43,9.800000191,-87.79852001,0
768,-72,10.19999981,-84.49557027,0
769,-95,11.80000019,-89.68208698,0
770,-40,11.5,-85.12304727,0
771,-42,13.5,-85.12304727,0
772,-73,11.80000019,-84.49557027,0
773,-94,9.5,-89.57541606,0
774,-125,-3.5,-87.26132682,0
775,-75,11.80000019,-84.49557027,0
776,-100,11.80000019,-89.57541606,0
777,-99,-11.19999981,-85.12304727,0
778,-72,10,-84.49557027,0
779,-123,-2,-87.26132682,0
780,-42,13.80000019,-85.12304727,0
781,-72,10,-84.49557027,0
782,-40,13.5,-85.12304727,0
783,-123,-5.199999809,-87.26132682,0
784,-96,10,-89.57541606,0
785,-41,9,-85.12304727,0
786,-124,-5,-87.26132682,0
787,-73,8,-84.49557027,0
788,-97,7.800000191,-89.57541606,0
789,-76,11.5,-84.49557027,0
790,-45,12.80000019,-85.12304727,0
791,-101,9.800000191,-89.57541606,0
792,-41,14.19999981,-85.12304727,0
793,-97,10.19999981,-89.57541606,0
794,-72,9,-84.49557027,0
795,-121,-1.200000048,-87.26132682,0
796,-95,10,-89.57541606,0
797,-40,11,-85.12304727,0
798,-40,9.199999809,-85.12304727,0
799,-97,7.800000191,-89.57541606,0
800,-123,-5.199999809,-87.26132682,0
801,-40,12.5,-85.12304727,0
802,-119,-2.200000048,-87.26132682,0
803,-96,10.5,-89.57541606,0
804,-96,10,-89.57541606,0
805,-43,13.80000019,-85.12304727,0
806,-43,9,-85.12304727,0
807,-69,8.5,-84.49557027,0
808,-125,-5.199999809,-87.26132682,0
809,-95,9.5,-89.57541606,0
810,-42,11.80000019,-85.12304727,0
811,-121,-2.5,-87.26132682,0
812,-105,9,-89.57541606,0
813,-42,11.5,-85.12304727,0
814,-83,9.800000191,-84.49557027,0
815,-105,7.800000191,-89.57541606,0
816,-43,8.800000191,-85.12304727,0
817,-83,7.800000191,-84.49557027,0
818,-43,10.80000019,-85.12304727,0
819,-103,8,-89.57541606,0
820,-120,-2,-87.26132682,0
821,-40,8.800000191,-85.12304727,0
822,-95,7.199999809,-89.57541606,0
823,-45,13.19999981,-85.12304727,0
824,-99,12.19999981,-89.57541606,0
825,-95,9,-89.57541606,0
826,-41,14,-85.12304727,0
827,-96,10,-89.57541606,0
828,-119,-2,-87.26132682,0
829,-42,13.5,-85.12304727,0
830,-97,-10.80000019,-85.12304727,0
831,-123,-5.800000191,-87.26132682,0
832,-75,9.199999809,-84.49557027,0
833,-96,9.800000191,-89.57541606,0
834,-103,-11.80000019,-85.12304727,0
835,-102,12,-89.57541606,0
836,-121,0.5,-87.26132682,0
837,-41,10.80000019,-85.12304727,0
838,-75,11.19999981,-84.49557027,0
839,-120,0,-87.26132682,0
840,-103,9.199999809,-89.57541606,0
841,-45,14,-85.12304727,0
842,-70,10,-84.49557027,0
843,-49,13.80000019,-85.12304727,0
844,-125,-3.200000048,-87.26132682,0
845,-107,9.800000191,-89.57541606,0
846,-120,-0.5,-87.26132682,0
847,-45,12,-85.12304727,0
848,-120,-0.5,-87.26132682,0
849,-98,11.5,-89.57541606,0
850,-41,13.19999981,-85.12304727,0
851,-77,8.199999809,-84.49557027,0
852,-120,-2.5,-87.26132682,0
853,-45,11.80000019,-85.12304727,0
854,-100,9.5,-89.57541606,0
855,-119,-0.8000000119,-87.26132682,0
856,-40,11.5,-85.12304727,0
857,-102,9,-89.57541606,0
858,-72,8.800000191,-84.49557027,0
859,-42,10.5,-85.12304727,0
860,-123,-1.200000048,-87.26132682,0
861,-43,12.80000019,-85.12304727,0
862,-77,11.5,-84.49557027,0
863,-97,12,-84.75507686,0
864,-81,10.19999981,-84.97811207,0
865,-123,-5.199999809,-87.26132682,0
866,-123,-4,-87.26132682,0
867,-90,14,-84.75507686,0
868,-75,10.80000019,-84.97811207,0
869,-75,11,-84.97811207,0
870,-89,11.19999981,-84.75507686,0
871,-125,-4,-87.26132682,0
872,-109,8.199999809,-83.488743,0
873,-69,8.5,-84.97811207,0
874,-89,11.80000019,-84.75507686,0
875,-108,7.199999809,-83.488743,0
876,-71,9.199999809,-84.97811207,0
877,-93,13.19999981,-84.75507686,0
878,-91,9,-84.75507686,0
879,-123,-3,-87.26132682,0
880,-113,8.199999809,-83.488743,0
881,-90,10.80000019,-84.75507686,0
882,-73,10,-84.97811207,0
883,-109,8.800000191,-83.488743,0
884,-121,-2,-87.26132682,0
885,-93,13,-84.75507686,0
886,-97,13.5,-84.75507686,0
887,-125,-2,-87.26132682,0
888,-85,11,-84.97811207,0
889,-103,10,-84.75507686,0
890,-126,-1,-87.26132682,0
891,-117,8,-83.488743,0
892,-125,-2,-87.26132682,0
893,-91,8.800000191,-84.75507686,0
894,-113,7.5,-83.488743,0
895,-71,7.800000191,-84.97811207,0
896,-124,-4,-87.26132682,0
897,-81,9.800000191,-84.97811207,0
898,-119,7.800000191,-83.488743,0
899,-95,13.5,-84.75507686,0
900,-75,10,-84.97811207,0
901,-125,-4.800000191,-87.26132682,0
902,-89,11.5,-84.75507686,0
903,-73,10.19999981,-84.97811207,0
904,-114,7.199999809,-83.488743,0
905,-124,-5.5,-87.26132682,0
906,-93,14,-84.75507686,0
907,-69,10,-84.97811207,0
908,-90,12.5,-84.75507686,0
909,-110,7.800000191,-83.488743,0
910,-91,11.5,-84.75507686,0
911,-124,-6.199999809,-87.26132682,0
912,-113,7.199999809,-83.488743,0
913,-124,-3.200000048,-87.26132682,0
914,-90,9.800000191,-84.75507686,0
915,-125,-5.199999809,-87.26132682,0
916,-109,8.800000191,-83.488743,0
917,-71,10.5,-84.97811207,0
918,-97,12,-84.75507686,0
919,-122,-3.200000048,-87.26132682,0
920,-113,8.5,-83.488743,0
921,-72,8.5,-84.97811207,0
922,-89,9.5,-84.75507686,0
923,-71,9,-84.97811207,0
924,-111,7,-83.488743,0
925,-124,-3.799999952,-87.26132682,0
926,-72,9.800000191,-84.97811207,0
927,-123,-3.5,-87.26132682,0
928,-89,10,-84.75507686,0
929,-124,-4.5,-87.26132682,0
930,-90,8.199999809,-84.75507686,0
931,-124,-3.799999952,-87.26132682,0
932,-111,6.5,-83.488743,0
933,-71,10.19999981,-84.97811207,0
934,-105,7,-83.488743,0
935,-89,13.5,-84.75507686,0
936,-93,13,-84.75507686,0
937,-121,-2.200000048,-87.26132682,0
938,-114,5.199999809,-83.488743,0
939,-121,-0.5,-87.26132682,0
940,-90,11.80000019,-84.75507686,0
941,-114,6.800000191,-83.488743,0
942,-112,7,-83.488743,0
943,-90,10,-84.75507686,0
944,-123,-3.5,-87.26132682,0
945,-110,7.5,-83.488743,0
946,-123,-1.799999952,-87.26132682,0
947,-69,8.199999809,-84.97811207,0
948,-72,9.5,-84.97811207,0
949,-124,-2.5,-87.26132682,0
950,-112,7.800000191,-83.488743,0
951,-114,7.199999809,-83.488743,0
952,-96,10.19999981,-84.75507686,0
953,-78,10.19999981,-84.97811207,0
954,-95,9.800000191,-84.75507686,0
955,-123,-3.799999952,-87.26132682,0
956,-72,10.5,-84.97811207,0
957,-101,7.5,-84.75507686,0
958,-113,5.800000191,-83.488743,0
959,-121,-3.200000048,-87.26132682,0
960,-87,9,-84.75507686,0
961,-114,7.800000191,-83.488743,0
962,-124,-3.799999952,-87.26132682,0
963,-126,-1.5,-87.26132682,0
964,-101,12,-84.75507686,0
965,-119,7.5,-83.488743,0
966,-101,9.800000191,-110.7309695,0
967,-89,9.5,-114.375761,0
968,-108,7,-114.3833824,0
969,-87,10,-113.3025657,0
970,-87,8.800000191,-114.3861278,0
971,-108,5.5,-126.3249743,0
972,-106,8,-126.1015144,0
973,-102,10.19999981,-121.6889921,0
974,-101,6,-114.3833824,0
975,-96,9.5,-111.5845156,0
976,-82,9.5,-114.375761,0
977,-119,6.800000191,-126.3249743,0
978,-96,8.199999809,-111.5845156,0
979,-93,8.5,-114.3861278,0
980,-107,6.199999809,-114.3833824,0
981,-97,8,-114.375761,0
982,-83,11.19999981,-114.375761,0
983,-89,10.19999981,-113.3025657,0
984,-91,9,-114.3861278,0
985,-113,5.5,-114.3833824,0
986,-113,7.5,-126.3249743,0
987,-85,-4.199999809,-114.3861278,0
988,-124,-10.5,-114.274382,0
989,-125,-6.800000191,-114.274382,0
990,-87,7,-114.375761,0
991,-89,8.800000191,-119.6856064,0
992,-89,7.800000191,-119.3319429,0
993,-55,9.199999809,-114.6151824,0
994,-83,7.800000191,-119.3319429,0
995,-108,6.5,-126.3249743,0
996,-55,8.5,-114.6151824,0
997,-100,8.800000191,-121.6889921,0
998,-87,7.800000191,-114.375761,0
999,-55,10.5,-114.6151824,0
1000,-104,8.800000191,-114.3833824,0
1001,-83,10.5,-114.375761,0
1002,-79,11.80000019,-113.3025657,0
1003,-88,12,-114.3861278,0
1004,-93,-14,-102.1067738,0
1005,-105,-5.800000191,-79.96973609,0
1006,-78,9.5,-97.83295893,0
1007,-106,-10,-104.6746496,0
1008,-107,-8.5,-92.91316149,0
1009,-75,9.5,-95.47783613,0
1010,-123,-14,-123.7158354,0
1011,-121,7,-86.22685397,0
1012,-101,11.19999981,-91.62739531,0
1013,-97,12.5,-94.0304669,0
1014,-93,11.5,-93.13465424,0
1015,-99,11.19999981,-91.62739531,0
1016,-120,7,-86.22685397,0
1017,-124,-14.19999981,-123.7158354,0
1018,-89,12.5,-94.0304669,0
1019,-81,10.19999981,-87.41396264,0
1020,-95,11.80000019,-93.13465424,0
1021,-84,11.80000019,-87.41396264,0
1022,-95,11.19999981,-86.22685397,0
1023,-103,12.19999981,-91.62739531,0
1024,-125,-11.80000019,-123.7158354,0
1025,-97,11,-93.13465424,0
1026,-99,8.800000191,-91.62739531,0
1027,-90,7.5,-93.13465424,0
1028,-90,7.800000191,-86.22685397,0
1029,-89,8.800000191,-94.0304669,0
1030,-79,7.199999809,-87.41396264,0
1031,-101,8.800000191,-91.62739531,0
1032,-94,9,-86.22685397,0
1033,-123,-15.5,-123.7158354,0
1034,-91,10.19999981,-94.0304669,0
1035,-103,11.80000019,-91.62739531,0
1036,-84,10.19999981,-87.41396264,0
1037,-96,10.19999981,-86.22685397,0
1038,-91,9.800000191,-93.13465424,0
1039,-83,10.80000019,-87.41396264,0
1040,-90,8.5,-94.0304669,0
1041,-111,6.800000191,-86.22685397,0
1042,-89,12,-94.0304669,0
1043,-99,10.80000019,-91.62739531,0
1044,-77,9.199999809,-87.41396264,0
1045,-90,11.80000019,-93.13465424,0
1046,-115,7.5,-86.22685397,0
1047,-121,-15.19999981,-123.7158354,0
1048,-89,10.5,-94.0304669,0
1049,-97,11,-91.62739531,0
1050,-91,8.199999809,-93.13465424,0
1051,-91,9.5,-93.13465424,0
1052,-100,10.5,-91.62739531,0
1053,-90,8.800000191,-86.22685397,0
1054,-77,9,-87.41396264,0
1055,-89,9.5,-93.13465424,0
1056,-116,6.5,-86.22685397,0
1057,-89,11.5,-94.0304669,0
1058,-99,10.19999981,-91.62739531,0
1059,-89,10,-86.22685397,0
1060,-100,10.5,-91.62739531,0
1061,-75,9.5,-87.41396264,0
1062,-89,8.800000191,-93.13465424,0
1063,-80,12,-87.41396264,0
1064,-90,9.199999809,-93.13465424,0
1065,-117,6.800000191,-86.22685397,0
1066,-89,11.80000019,-94.0304669,0
1067,-91,10.5,-94.0304669,0
1068,-81,11.5,-87.41396264,0
1069,-101,12.19999981,-91.62739531,0
1070,-91,9.199999809,-93.13465424,0
1071,-91,8.5,-94.0304669,0
1072,-79,6,-87.41396264,0
1073,-100,8.199999809,-91.62739531,0
1074,-91,7.800000191,-93.13465424,0
1075,-95,8.5,-93.13465424,0
1076,-81,11,-87.41396264,0
1077,-101,11,-91.62739531,0
1078,-88,9,-94.0304669,0
1079,-102,10.5,-91.62739531,0
1080,-95,10,-86.22685397,0
1081,-89,8,-94.0304669,0
1082,-88,9.5,-93.13465424,0
1083,-91,9.5,-87.41396264,0
1084,-97,9,-93.13465424,0
1085,-125,7,-86.22685397,0
1086,-103,9.800000191,-91.62739531,0
1087,-93,10,-94.0304669,0
1088,-107,11.5,-91.62739531,0
1089,-99,9.800000191,-86.22685397,0
1090,-84,11,-87.41396264,0
1091,-99,8.199999809,-93.13465424,0
1092,-100,10,-91.62739531,0
1093,-90,10.19999981,-94.0304669,0
1094,-105,9.5,-91.62739531,0
1095,-94,12.80000019,-93.13465424,0
1096,-89,10,-94.0304669,0
1097,-95,12,-86.22685397,0
1098,-78,8.800000191,-87.41396264,0
1099,-103,11.80000019,-91.62739531,0
1100,-108,10.5,-93.13465424,0
1101,-89,10,-94.0304669,0
1102,-126,2,-86.22685397,0
1103,-76,10.19999981,-87.41396264,0
1104,-101,1.799999952,-161.0279992,0
1105,-90,9.800000191,-161.0379892,0
1106,-98,5.5,-161.0365105,0
1107,-97,6.199999809,-161.0318435,0
1108,-105,12.5,-91.37497985,0
1109,-99,4.5,-161.0325052,0
1110,-93,8.5,-161.0379892,0
1111,-104,-2.200000048,-161.0288882,0
1112,-95,12.19999981,-91.37497985,0
1113,-106,-12,-161.0409263,0
1114,-99,11.80000019,-76.00505441,0
1115,-70,10.19999981,-92.11660127,0
1116,-29,10.80000019,-80.84227168,0
1117,-93,12.80000019,-76.00505441,0
1118,-37,11.19999981,-80.84227168,0
1119,-78,10.5,-92.11660127,0
1120,-97,10.19999981,-76.00505441,0
1121,-73,11.80000019,-92.11660127,0
1122,-95,10.5,-76.00505441,0
1123,-43,10.5,-80.84227168,0
1124,-45,11.5,-83.80998302,0
1125,-72,7.800000191,-92.11660127,0
1126,-93,7,-87.79942977,0
1127,-30,12.19999981,-80.84227168,0
1128,-91,12.19999981,-87.79942977,0
1129,-43,13.80000019,-83.80998302,0
1130,-87,14.19999981,-76.00505441,0
1131,-35,13.80000019,-80.84227168,0
1132,-95,13.5,-87.79942977,0
1133,-77,14.80000019,-92.11660127,0
1134,-84,11.80000019,-76.00505441,0
1135,-30,10.19999981,-80.84227168,0
1136,-42,12.80000019,-83.80998302,0
1137,-82,10.5,-76.00505441,0
1138,-30,12.80000019,-80.84227168,0
1139,-85,9.5,-76.00505441,0
1140,-37,8.800000191,-83.80998302,0
1141,-100,11.80000019,-87.79942977,0
1142,-75,10.19999981,-92.11660127,0
1143,-42,12.80000019,-83.80998302,0
1144,-41,15,-83.80998302,0
1145,-84,13.5,-76.00505441,0
1146,-94,12,-87.79942977,0
1147,-83,9.5,-76.00505441,0
1148,-30,13.80000019,-80.84227168,0
1149,-100,11,-87.79942977,0
1150,-103,11.80000019,-87.79942977,0
1151,-90,12.5,-76.00505441,0
1152,-57,10.80000019,-83.80998302,0
1153,-37,12.5,-80.84227168,0
1154,-101,11,-87.79942977,0
1155,-91,14.5,-76.00505441,0
1156,-55,12.19999981,-83.80998302,0
1157,-103,13.80000019,-87.79942977,0
1158,-95,-11.19999981,-80.84227168,0
1159,-90,10,-76.00505441,0
1160,-113,4.199999809,-118.7045162,0
1161,-108,7.800000191,-118.2117656,0
1162,-55,10.19999981,-124.4027228,0
1163,-91,8.5,-123.8790063,0
1164,-96,8.5,-124.4226922,0
1165,-84,7.5,-124.3199238,0
1166,-93,9.5,-123.8790063,0
1167,-55,10,-124.4027228,0
1168,-111,9.800000191,-118.2117656,0
1169,-120,-9.199999809,-124.3451908,0
1170,-84,10.80000019,-124.3199238,0
1171,-125,-3.200000048,-118.124938,0
1172,-117,-3.5,-124.3451908,0
1173,-125,4.5,-118.7045162,0
1174,-93,8.199999809,-124.3199238,0
1175,-90,8,-124.4226922,0
1176,-54,8.800000191,-124.4027228,0
1177,-86,8.199999809,-124.4332202,0
1178,-89,8,-123.8790063,0
1179,-108,7.5,-123.6661184,0
1180,-89,6.5,-124.4226922,0
1181,-59,9,-124.4027228,0
1182,-112,7.800000191,-123.6661184,0
1183,-108,7,-123.6141277,0
1184,-119,7.199999809,-123.6913986,0
1185,-109,8.800000191,-124.4226922,0
1186,-84,13.80000019,-114.3861278,0
1187,-85,12.80000019,-123.492995,0
1188,-101,-15,-94.50711986,0
1189,-40,14,-83.94822541,0
1190,-48,10.19999981,-107.1518318,0
1191,-84,14.19999981,-127.9709548,0
1192,-83,9.800000191,-105.3581026,0
1193,-41,14,-83.94822541,0
1194,-64,10.80000019,-72.86321939,0
1195,-103,-9.199999809,-93.95583041,0
1196,-85,8.199999809,-105.3581026,0
1197,-87,9.800000191,-105.5779067,0
1198,-103,-6.5,-93.95583041,0
1199,-49,8.800000191,-107.1518318,0
1200,-100,-9.800000191,-89.45533586,0
1201,-85,10.19999981,-127.9709548,0
1202,-90,8.5,-127.8122242,0
1203,-103,-7,-93.95583041,0
1204,-66,7.800000191,-72.86321939,0
1205,-41,8.800000191,-107.1518318,0
1206,-93,11,-127.9709548,0
1207,-89,9.800000191,-117.1168777,0
1208,-90,13.19999981,-123.492995,0
1209,-85,11,-116.8167277,0
1210,-73,10.19999981,-72.86321939,0
1211,-115,-13.19999981,-100.1967069,0
1212,-87,10.80000019,-127.9709548,0
1213,-111,5.800000191,-81.9475056,0
1214,-46,13,-107.1518318,0
1215,-77,10.19999981,-72.86321939,0
1216,-103,-8.800000191,-95.96361565,0
1217,-97,-16,-95.19999875,0
1218,-117,-2.799999952,-91.91543566,0
1219,-119,-7.5,-95.68001063,0
1220,-85,6.800000191,-114.3861278,0
1221,-99,10.5,-127.8122242,0
1222,-120,-3,-91.91543566,0
1223,-87,13.19999981,-127.859993,0
1224,-73,14.19999981,-72.86321939,0
1225,-104,-10.5,-93.95583041,0
1226,-95,14,-80.75442901,0
1227,-99,-11.19999981,-91.14198253,0
1228,-42,13.19999981,-83.94822541,0
1229,-71,13,-80.23940637,0
1230,-89,11.80000019,-106.1771093,0
1231,-115,-3,-91.91543566,0
1232,-107,7.5,-81.9475056,0
1233,-70,11.80000019,-80.23940637,0
1234,-99,-10.19999981,-91.14198253,0
1235,-97,10.80000019,-80.75442901,0
1236,-94,11.80000019,-127.8122242,0
1237,-42,14.5,-83.94822541,0
1238,-71,10.80000019,-72.86321939,0
1239,-104,-15,-93.95583041,0
1240,-44,12.80000019,-107.1518318,0
1241,-105,-11,-93.95583041,0
1242,-47,12.80000019,-83.94822541,0
1243,-73,10.5,-72.86321939,0
1244,-89,13,-105.5779067,0
1245,-89,11.80000019,-106.1771093,0
1246,-91,10,-114.3861278,0
1247,-90,9.5,-123.492995,0
1248,-88,12.5,-127.9709548,0
1249,-48,13,-83.94822541,0
1250,-73,11.19999981,-72.86321939,0
1251,-63,9.199999809,-77.31809797,0
1252,-90,11.5,-105.3581026,0
1253,-93,9,-124.6305229,0
1254,-88,10.19999981,-114.3861278,0
1255,-88,12.80000019,-123.492995,0
1256,-87,11.19999981,-80.23940637,0
1257,-103,8.5,-81.9475056,0
1258,-104,-5.800000191,-93.95583041,0
1259,-91,10.19999981,-124.6305229,0
1260,-45,13.19999981,-83.94822541,0
1261,-97,10,-124.6515507,0
1262,-91,11.19999981,-125.5060118,0
1263,-113,10.19999981,-124.4994805,0
1264,-114,8.5,-125.3187073,0
1265,-96,10.5,-124.9931843,0
1266,-86,9.199999809,-124.9931843,0
1267,-96,8.199999809,-124.6515507,0
1268,-113,6,-125.1743984,0
1269,-108,8.800000191,-124.4994805,0
1270,-101,7.5,-124.7747428,0
1271,-112,6,-124.874164,0
1272,-112,6,-125.3187073,0
1273,-93,9.800000191,-124.9931843,0
1274,-54,8.199999809,-124.6814942,0
1275,-95,8.199999809,-124.6515507,0
1276,-52,7.199999809,-124.6814942,0
1277,-99,9.5,-122.8981095,0
1278,-88,7.800000191,-124.9931843,0
1279,-96,6,-124.6515507,0
1280,-90,1.799999952,-124.6305229,0
1281,-95,9.800000191,-122.8981095,0
1282,-114,4.800000191,-125.4331182,0
1283,-111,6.199999809,-125.3554669,0
1284,-89,7.5,-124.6305229,0
1285,-95,8.800000191,-124.6515507,0
1286,-89,10,-125.5060118,0
1287,-91,8.5,-124.6305229,0
1288,-112,6.5,-125.3187073,0
1289,-109,7.199999809,-124.4994805,0
1290,-103,5,-118.5199553,0
1291,-108,7.5,-124.4994805,0
1292,-111,8.5,-124.874164,0
1293,-96,8.5,-124.6515507,0
1294,-112,4,-124.6814007,0
1295,-100,10,-118.5199553,0
1296,-102,10.5,-122.8981095,0
1297,-117,7,-120.3282753,0
1298,-61,9,-124.6814942,0
1299,-109,8.5,-124.6515507,0
1300,-95,10,-124.6305229,0
1301,-114,3.200000048,-125.2904734,0
1302,-115,5.5,-125.1743984,0
1303,-105,8,-124.8377246,0
1304,-96,8,-124.6515507,0
1305,-58,8.800000191,-124.6814942,0
1306,-115,8,-124.874164,0
1307,-63,8.5,-124.6814942,0
1308,-111,8.5,-124.7747428,0
1309,-97,8.800000191,-125.5060118,0
1310,-102,10.19999981,-122.8981095,0
1311,-107,8.5,-83.21615235,0
1312,-105,10.19999981,-124.7747428,0
1313,-105,7.800000191,-123.6141277,0
1314,-111,7.5,-127.4012547,0
1315,-88,7.800000191,-105.7568708,0
1316,-103,8,-118.1694236,0
1317,-95,7,-105.6741636,0
1318,-108,7.800000191,-118.1770383,0
1319,-65,9.800000191,-106.2578343,0
1320,-99,8.800000191,-123.0813402,0
1321,-111,7.800000191,-110.7058683,0
1322,-103,8.199999809,-123.6141277,0
1323,-105,10.5,-124.7747428,0
1324,-99,9,-104.3157361,0
1325,-125,-13,-105.4244844,0
1326,-101,7.800000191,-127.3419981,0
1327,-65,8,-106.2578343,0
1328,-113,-2.5,-105.6218377,0
1329,-93,7.5,-105.6741636,0
1330,-90,9,-105.7568708,0
1331,-106,8.199999809,-118.1770383,0
1332,-108,6.800000191,-110.7058683,0
1333,-65,10.5,-106.2578343,0
1334,-89,9.199999809,-105.7568708,0
1335,-102,8.5,-105.6741636,0
1336,-6,12,-122.8074371,0
1337,-7,14,-122.8074371,0
1338,-7,12,-122.8074371,0
1339,-6,13.80000019,-122.8074371,0
1340,-5,13.5,-122.8074371,0
1341,-5,12,-122.8074371,0
1342,-102,-15.5,-97.17968573,0
1343,-11,13.80000019,-122.8074371,0
1344,-9,12.5,-122.8074371,0
1345,-6,12.80000019,-122.8074371,0
1346,-66,10,-110.6144715,0
1347,-95,10.80000019,-127.0220654,0
1348,-97,11.5,-128.1221063,0
1349,-51,10.19999981,-108.1588058,0
1350,-77,10,-109.7135315,0
1351,-123,-14.19999981,-123.8646031,0
1352,-93,10.5,-89.92014084,0
1353,-89,10,-97.39391669,0
1354,-90,9.800000191,-97.79428138,0
1355,-83,9.5,-91.92690296,0
1356,-123,-8.800000191,-123.7239859,0
1357,-89,8.199999809,-89.92014084,0
1358,-125,-16,-123.6382739,0
1359,-99,8.800000191,-89.92014084,0
1360,-96,10,-97.39391669,0
1361,-125,-9.199999809,-123.7239859,0
1362,-97,8.5,-97.79428138,0
1363,-93,10.5,-97.39391669,0
1364,-84,9,-91.92690296,0
1365,-101,7,-93.83553629,0
1366,-123,-15.19999981,-123.6382739,0
1367,-91,10.5,-97.79428138,0
1368,-96,10.19999981,-97.39391669,0
1369,-105,11.19999981,-93.83553629,0
1370,-124,-8.199999809,-123.7239859,0
1371,-87,8.800000191,-97.79428138,0
1372,-92,9.800000191,-89.92014084,0
1373,-125,-16,-123.6382739,0
1374,-90,9,-97.79428138,0
1375,-95,11.19999981,-97.39391669,0
1376,-103,10.5,-93.83553629,0
1377,-125,-8.800000191,-123.7239859,0
1378,-99,11.5,-97.39391669,0
1379,-125,-16.79999924,-123.6382739,0
1380,-94,9.800000191,-97.79428138,0
1381,-105,11.5,-93.83553629,0
1382,-97,9,-97.79428138,0
1383,-99,10.19999981,-89.92014084,0
1384,-123,-17,-123.6382739,0
1385,-107,11.5,-93.83553629,0
1386,-125,-8.199999809,-123.7239859,0
1387,-97,12.5,-97.39391669,0
1388,-89,10,-91.92690296,0
1389,-123,-11.80000019,-123.7239859,0
1390,-90,9.800000191,-97.79428138,0
1391,-125,-8.5,-123.7239859,0
1392,-93,9.199999809,-97.79428138,0
1393,-97,11,-97.39391669,0
1394,-123,-14.5,-123.6382739,0
1395,-87,9.800000191,-91.92690296,0
1396,-121,-8,-123.7239859,0
1397,-102,10.19999981,-93.83553629,0
1398,-89,9.5,-97.39391669,0
1399,-90,8.5,-97.79428138,0
1400,-121,-14.19999981,-123.6382739,0
1401,-100,8.199999809,-93.83553629,0
1402,-93,8.5,-97.39391669,0
1403,-124,-16.20000076,-123.6382739,0
1404,-84,5.800000191,-91.92690296,0
1405,-121,-9.800000191,-123.7239859,0
1406,-90,9.5,-97.79428138,0
1407,-105,8.800000191,-93.83553629,0
1408,-123,-16.79999924,-123.6382739,0
1409,-121,-7.800000191,-123.7239859,0
1410,-84,10,-91.92690296,0
1411,-122,-9.5,-123.7239859,0
1412,-84,9.800000191,-91.92690296,0
1413,-94,11.80000019,-97.39391669,0
1414,-89,8,-97.79428138,0
1415,-99,9.5,-97.39391669,0
1416,-99,9.199999809,-97.79428138,0
1417,-89,10.5,-91.92690296,0
1418,-125,-9.5,-123.7239859,0
1419,-101,8.199999809,-97.79428138,0
1420,-107,11.5,-93.83553629,0
1421,-122,-9.800000191,-123.7239859,0
1422,-93,9.5,-91.92690296,0
1423,-95,8,-91.92690296,0
1424,-107,11.80000019,-93.83553629,0
1425,-103,11.19999981,-97.39391669,0
1426,-101,9.5,-97.79428138,0
1427,-125,-10,-123.7239859,0
1428,-95,11.19999981,-97.39391669,0
1429,-121,-15.19999981,-123.6382739,0
1430,-84,9.199999809,-91.92690296,0
1431,-124,-9.800000191,-123.7239859,0
1432,-89,8.5,-97.79428138,0
1433,-105,11.19999981,-93.83553629,0
1434,-124,-9.800000191,-123.7239859,0
1435,-87,9,-97.79428138,0
1436,-95,10.19999981,-97.39391669,0
1437,-85,9.5,-91.92690296,0
1438,-121,-14.80000019,-123.6382739,0
1439,-89,10.19999981,-97.39391669,0
1440,-120,-8.800000191,-123.7239859,0
1441,-91,10.5,-97.79428138,0
1442,-90,9.5,-91.92690296,0
1443,-94,9.800000191,-97.79428138,0
1444,-124,-9.800000191,-123.7239859,0
1445,-101,10,-93.83553629,0
1446,-85,8,-91.92690296,0
1447,-101,7.800000191,-93.83553629,0
1448,-123,-9,-123.7239859,0
1449,-90,10,-97.79428138,0
1450,-95,10,-97.79428138,0
1451,-103,10.19999981,-97.39391669,0
1452,-123,-8.800000191,-123.7239859,0
1453,-107,11.80000019,-93.83553629,0
1454,-103,9.199999809,-97.39391669,0
1455,-97,11.19999981,-97.79428138,0
1456,-123,-9,-123.7239859,0
1457,-97,6.5,-91.92690296,0
1458,-125,-9.199999809,-123.7239859,0
1459,-95,10.19999981,-97.39391669,0
1460,-94,11,-97.39391669,0
1461,-95,11.80000019,-91.92690296,0
1462,-102,8.5,-93.83553629,0
1463,-122,-14.80000019,-123.6382739,0
1464,-123,-9,-123.7239859,0
1465,-123,-15,-123.6382739,0
1466,-125,-9.800000191,-123.7239859,0
1467,-87,11.19999981,-91.92690296,0
1468,-94,7.199999809,-93.83553629,0
1469,-90,10.19999981,-97.79428138,0
1470,-91,7.800000191,-91.92690296,0
1471,-123,-9.5,-123.7239859,0
1472,-89,9.800000191,-97.79428138,0
1473,-94,8.800000191,-97.39391669,0
1474,-90,7,-93.83553629,0
1475,-123,-14,-123.7158354,0
1476,-121,7,-86.22685397,0
1477,-101,11.19999981,-91.62739531,0
1478,-97,12.5,-94.0304669,0
1479,-93,11.5,-93.13465424,0
1480,-99,11.19999981,-91.62739531,0
1481,-120,7,-86.22685397,0
1482,-124,-14.19999981,-123.7158354,0
1483,-89,12.5,-94.0304669,0
1484,-81,10.19999981,-87.41396264,0
1485,-95,11.80000019,-93.13465424,0
1486,-84,11.80000019,-87.41396264,0
1487,-95,11.19999981,-86.22685397,0
1488,-103,12.19999981,-91.62739531,0
1489,-125,-11.80000019,-123.7158354,0
1490,-97,11,-93.13465424,0
1491,-99,8.800000191,-91.62739531,0
1492,-90,7.5,-93.13465424,0
1493,-90,7.800000191,-86.22685397,0
1494,-89,8.800000191,-94.0304669,0
1495,-79,7.199999809,-87.41396264,0
1496,-101,8.800000191,-91.62739531,0
1497,-94,9,-86.22685397,0
1498,-123,-15.5,-123.7158354,0
1499,-91,10.19999981,-94.0304669,0
1500,-103,11.80000019,-91.62739531,0
1501,-84,10.19999981,-87.41396264,0
1502,-96,10.19999981,-86.22685397,0
1503,-91,9.800000191,-93.13465424,0
1504,-83,10.80000019,-87.41396264,0
1505,-90,8.5,-94.0304669,0
1506,-111,6.800000191,-86.22685397,0
1507,-89,12,-94.0304669,0
1508,-99,10.80000019,-91.62739531,0
1509,-77,9.199999809,-87.41396264,0
1510,-90,11.80000019,-93.13465424,0
1511,-115,7.5,-86.22685397,0
1512,-121,-15.19999981,-123.7158354,0
1513,-89,10.5,-94.0304669,0
1514,-97,11,-91.62739531,0
1515,-91,8.199999809,-93.13465424,0
1516,-91,9.5,-93.13465424,0
1517,-100,10.5,-91.62739531,0
1518,-90,8.800000191,-86.22685397,0
1519,-77,9,-87.41396264,0
1520,-89,9.5,-93.13465424,0
1521,-116,6.5,-86.22685397,0
1522,-89,11.5,-94.0304669,0
1523,-99,10.19999981,-91.62739531,0
1524,-89,10,-86.22685397,0
1525,-100,10.5,-91.62739531,0
1526,-75,9.5,-87.41396264,0
1527,-89,8.800000191,-93.13465424,0
1528,-80,12,-87.41396264,0
1529,-90,9.199999809,-93.13465424,0
1530,-117,6.800000191,-86.22685397,0
1531,-89,11.80000019,-94.0304669,0
1532,-91,10.5,-94.0304669,0
1533,-81,11.5,-87.41396264,0
1534,-101,12.19999981,-91.62739531,0
1535,-91,9.199999809,-93.13465424,0
1536,-91,8.5,-94.0304669,0
1537,-79,6,-87.41396264,0
1538,-100,8.199999809,-91.62739531,0
1539,-91,7.800000191,-93.13465424,0
1540,-95,8.5,-93.13465424,0
1541,-81,11,-87.41396264,0
1542,-101,11,-91.62739531,0
1543,-88,9,-94.0304669,0
1544,-102,10.5,-91.62739531,0
1545,-95,10,-86.22685397,0
1546,-89,8,-94.0304669,0
1547,-88,9.5,-93.13465424,0
1548,-91,9.5,-87.41396264,0
1549,-97,9,-93.13465424,0
1550,-125,7,-86.22685397,0
1551,-103,9.800000191,-91.62739531,0
1552,-93,10,-94.0304669,0
1553,-107,11.5,-91.62739531,0
1554,-99,9.800000191,-86.22685397,0
1555,-84,11,-87.41396264,0
1556,-99,8.199999809,-93.13465424,0
1557,-100,10,-91.62739531,0
1558,-90,10.19999981,-94.0304669,0
1559,-105,9.5,-91.62739531,0
1560,-94,12.80000019,-93.13465424,0
1561,-89,10,-94.0304669,0
1562,-95,12,-86.22685397,0
1563,-78,8.800000191,-87.41396264,0
1564,-103,11.80000019,-91.62739531,0
1565,-108,10.5,-93.13465424,0
1566,-89,10,-94.0304669,0
1567,-126,2,-86.22685397,0
1568,-76,10.19999981,-87.41396264,0
1569,-101,1.799999952,-161.0279992,0
1570,-90,9.800000191,-161.0379892,0
1571,-98,5.5,-161.0365105,0
1572,-97,6.199999809,-161.0318435,0
1573,-105,12.5,-91.37497985,0
1574,-99,4.5,-161.0325052,0
1575,-93,8.5,-161.0379892,0
1576,-104,-2.200000048,-161.0288882,0
1577,-95,12.19999981,-91.37497985,0
1578,-106,-12,-161.0409263,0
1579,-60,13,-101.5564528,0
1580,-37,16,-82.25429307,0
1581,-46,11.5,-86.7420689,0
1582,-43,13.80000019,-95.26701375,0
1583,-41,13.5,-103.3447489,0
1584,-39,11,-95.26701375,0
1585,-48,11,-95.2053063,0
1586,-49,7.5,-86.7420689,0
1587,-47,9.199999809,-100.3270517,0
1588,-28,10.80000019,-97.63663341,0
1589,-27,14.5,-97.63663341,0
1590,-23,12.19999981,-73.46819151,0
1591,-19,12,-75.64561849,0
1592,-17,12.80000019,-152.6387175,0
1593,-19,12.80000019,-74.11338618,0
1594,-1,9.199999809,-152.5951953,0
1595,-21,12.5,-75.64561849,0
1596,-120,-0.5,-116.2511235,0
1597,-59,12.5,-69.90637133,0
1598,-23,13.19999981,-73.46819151,0
1599,-15,13.5,-152.6387175,0
1600,1,10.80000019,-74.96333026,0
1601,7,10.19999981,-152.5951953,0
1602,-90,9.800000191,-73.88533498,0
1603,-4,13,-70.17243133,0
1604,-13,14,-74.11338618,0
1605,-3,8,-74.96333026,0
1606,-23,9,-56.12815786,0
1607,-53,8.800000191,-69.90637133,0
1608,-7,7.199999809,-152.5951953,0
1609,-18,9.5,-73.46819151,0
1610,-36,13.5,-101.6806717,0
1611,-65,8.800000191,-89.35189003,0
1612,-25,13.5,-100.3187918,0
1613,-89,6.800000191,-86.42780299,0
1614,-49,13,-97.66167034,0
1615,-48,14.19999981,-88.13044337,0
1616,-21,14.80000019,-102.6756944,0
1617,-50,16,-97.66167034,0
1618,-30,14.5,-103.6070019,0
1619,-36,13.80000019,-101.6806717,0
1620,-48,14.19999981,-92.01940176,0
1621,-100,11.80000019,-86.95651021,0
1622,-69,13.5,-89.35189003,0
1623,-53,12.80000019,-86.7420689,0
1624,-28,14.19999981,-104.2905992,0
1625,-52,12.5,-97.66167034,0
1626,-35,14.19999981,-101.6806717,0
1627,-41,13,-92.5871104,0
1628,-40,12.19999981,-98.36096901,0
1629,-48,14.80000019,-92.01940176,0
1630,-50,14.80000019,-97.66167034,0
1631,-48,13.80000019,-92.01940176,0
1632,-100,12.5,-86.95651021,0
1633,-25,13.80000019,-100.3187918,0
1634,-48,13.19999981,-86.7420689,0
1635,-67,12.80000019,-89.35189003,0
1636,-51,12.80000019,-97.66167034,0
1637,-48,14.19999981,-94.41209955,0
1638,-42,13.5,-98.36096901,0
1639,-50,13.19999981,-97.66167034,0
1640,-29,13,-104.2905992,0
1641,-55,15.5,-100.4362412,0